AAPL,AMZN,GOOG,MSFT
0.60404,0.15807,0.0,0.23789
